{
  "overall": {
    "n_samples": 2298,
    "accuracy": 0.32463011314186246,
    "macro_f1": 0.2833065924065346,
    "weighted_f1": 0.33953868800614734,
    "macro_auc": 0.6951643768017857
  },
  "per_class": {
    "akiec": {
      "precision": 0.5425101214574899,
      "recall": 0.14533622559652928,
      "f1": 0.2292557741659538,
      "support": 922,
      "auc": 0.6141630776118651
    },
    "bcc": {
      "precision": 0.6106346483704974,
      "recall": 0.421301775147929,
      "f1": 0.49859943977591037,
      "support": 845,
      "auc": 0.733332790350102
    },
    "bkl": {
      "precision": 0.175,
      "recall": 0.2680851063829787,
      "f1": 0.21176470588235294,
      "support": 235,
      "auc": 0.6332690463175916
    },
    "mel": {
      "precision": 0.05734767025089606,
      "recall": 0.3076923076923077,
      "f1": 0.09667673716012085,
      "support": 52,
      "auc": 0.6840793889992465
    },
    "nv": {
      "precision": 0.2576419213973799,
      "recall": 0.7254098360655737,
      "f1": 0.3802363050483351,
      "support": 244,
      "auc": 0.8109775807301227
    }
  },
  "confusion_matrix": [
    [
      134,
      206,
      194,
      48,
      102,
      232,
      6
    ],
    [
      99,
      356,
      87,
      31,
      114,
      134,
      24
    ],
    [
      13,
      11,
      63,
      1,
      32,
      112,
      3
    ],
    [
      0,
      0,
      0,
      0,
      0,
      0,
      0
    ],
    [
      0,
      2,
      1,
      0,
      16,
      32,
      1
    ],
    [
      1,
      8,
      15,
      5,
      15,
      177,
      23
    ],
    [
      0,
      0,
      0,
      0,
      0,
      0,
      0
    ]
  ],
  "classes_present_in_test": [
    "akiec",
    "bcc",
    "bkl",
    "mel",
    "nv"
  ]
}