{
  "generated_at": "2026-06-07T20:27:41",
  "models": {
    "eb0": {
      "accuracy": 0.8330006653359947,
      "macro_f1": 0.7679451590653629,
      "auc_macro": null,
      "cohen_kappa": 0.6960517251797691,
      "mcc": 0.6991340731520022
    },
    "rn50": {
      "accuracy": 0.8769128409846972,
      "macro_f1": 0.8095289438016441,
      "auc_macro": null,
      "cohen_kappa": 0.7601472990854621,
      "mcc": 0.760763588000009
    },
    "dn121": {
      "accuracy": 0.8562874251497006,
      "macro_f1": 0.792934033174466,
      "auc_macro": null,
      "cohen_kappa": 0.7273185416134711,
      "mcc": 0.7274872239561573
    },
    "swin": {
      "accuracy": 0.8982035928143712,
      "macro_f1": 0.8709235372818058,
      "auc_macro": null,
      "cohen_kappa": 0.8047004249797022,
      "mcc": 0.8050458264665092
    }
  },
  "ensemble": {
    "accuracy": 0.9048569527611444,
    "macro_f1": 0.872812112644996,
    "auc_macro": 0.9837836373632707,
    "cohen_kappa": 0.817443707371765,
    "mcc": 0.8176505629356468
  },
  "baseline_seed42": {
    "accuracy": 0.8888888888888888,
    "macro_f1": 0.8340673027006567,
    "auc_macro": 0.9812173459721822
  }
}