{
  "generated_at": "2026-06-05T22:02:11",
  "seeds": [
    42,
    1337,
    2024,
    7,
    11
  ],
  "models": {
    "eb0": {
      "accuracy": {
        "mean": 0.8730538922155688,
        "std": 0.01324336214030295,
        "n": 5,
        "values": [
          0.8795741849634066,
          0.8715901530272788,
          0.886892880904857,
          0.8516300731869594,
          0.8755821689953427
        ]
      },
      "macro_f1": {
        "mean": 0.813561910635441,
        "std": 0.022014083206696337,
        "n": 5,
        "values": [
          0.8249560503936229,
          0.8041900604476918,
          0.8389694762040076,
          0.7811510132280252,
          0.8185429529038579
        ]
      },
      "auc_macro": {
        "mean": 0.9646185577822443,
        "std": 0.005491226830049535,
        "n": 5,
        "values": [
          0.9552016108961311,
          0.9656714873809568,
          0.9661046443814695,
          0.9696331690802874,
          0.9664818771723767
        ]
      },
      "weighted_f1": {
        "mean": 0.8724268369402692,
        "std": 0.012893645616595712,
        "n": 5,
        "values": [
          0.8786074111122976,
          0.8699915116997069,
          0.8858869066199665,
          0.8517479797027215,
          0.8759003755666535
        ]
      },
      "cohen_kappa": {
        "mean": 0.7556312985198909,
        "std": 0.02419863483804126,
        "n": 5,
        "values": [
          0.7675136265047268,
          0.7487936720173476,
          0.7821568273044432,
          0.7180240677612473,
          0.7616682990116893
        ]
      },
      "mcc": {
        "mean": 0.755905132991793,
        "std": 0.024201596741834388,
        "n": 5,
        "values": [
          0.7676988117568109,
          0.7496430828961729,
          0.7823014436997466,
          0.7180539166309997,
          0.7618284099752349
        ]
      }
    },
    "rn50": {
      "accuracy": {
        "mean": 0.8630738522954092,
        "std": 0.005731165793042691,
        "n": 5,
        "values": [
          0.863606121091151,
          0.8629407850964738,
          0.872255489021956,
          0.8576180971390552,
          0.8589487691284099
        ]
      },
      "macro_f1": {
        "mean": 0.7917639050890748,
        "std": 0.011123287443626003,
        "n": 5,
        "values": [
          0.7899422472065571,
          0.8046314979754193,
          0.8018332761634923,
          0.7802852740748675,
          0.7821272300250379
        ]
      },
      "auc_macro": {
        "mean": 0.9484516888995922,
        "std": 0.0033221733167393378,
        "n": 5,
        "values": [
          0.9498228975486792,
          0.9494813380826395,
          0.9495903857679325,
          0.9507835025388093,
          0.9425803205599007
        ]
      },
      "weighted_f1": {
        "mean": 0.8633308330002077,
        "std": 0.004942415380347276,
        "n": 5,
        "values": [
          0.8627499943131849,
          0.8644361398654149,
          0.8711490252925489,
          0.8588228428937854,
          0.8594961626361044
        ]
      },
      "cohen_kappa": {
        "mean": 0.7393791179396044,
        "std": 0.008871901533627217,
        "n": 5,
        "values": [
          0.7374041520680653,
          0.7414079086494694,
          0.7536561963265599,
          0.7318239841116454,
          0.7326033485422823
        ]
      },
      "mcc": {
        "mean": 0.7396914935774548,
        "std": 0.00897959599279059,
        "n": 5,
        "values": [
          0.7374811077461968,
          0.742136089702566,
          0.7540242380350246,
          0.7321386911323328,
          0.7326773412711537
        ]
      }
    },
    "dn121": {
      "accuracy": {
        "mean": 0.8561543579507651,
        "std": 0.024179265738718324,
        "n": 5,
        "values": [
          0.8137059214903526,
          0.8669328010645376,
          0.874251497005988,
          0.8622754491017964,
          0.863606121091151
        ]
      },
      "macro_f1": {
        "mean": 0.7968163518843447,
        "std": 0.024673316196138797,
        "n": 5,
        "values": [
          0.7573064222932148,
          0.8031788439392862,
          0.8205481975485208,
          0.7908928942904302,
          0.812155401350272
        ]
      },
      "auc_macro": {
        "mean": 0.9600117709826359,
        "std": 0.0036522094412120595,
        "n": 5,
        "values": [
          0.961641474255729,
          0.9574295336388362,
          0.9556696487652719,
          0.9650212945882007,
          0.9602969036651416
        ]
      },
      "weighted_f1": {
        "mean": 0.8562428296181543,
        "std": 0.02336351577462425,
        "n": 5,
        "values": [
          0.8149777284576497,
          0.8676745706898514,
          0.8720811774533423,
          0.8624857651552993,
          0.8639949063346288
        ]
      },
      "cohen_kappa": {
        "mean": 0.7260723513520384,
        "std": 0.04217829947075501,
        "n": 5,
        "values": [
          0.6515622322073935,
          0.7469647981400314,
          0.7545560586161609,
          0.7380898263478498,
          0.7391888414487562
        ]
      },
      "mcc": {
        "mean": 0.7266458033668627,
        "std": 0.04170094501386499,
        "n": 5,
        "values": [
          0.653082099572589,
          0.7471511196054035,
          0.7554268116612337,
          0.7381734529486483,
          0.7393955330464389
        ]
      }
    },
    "swin": {
      "accuracy": {
        "mean": 0.8833000665335995,
        "std": 0.019605409592294756,
        "n": 5,
        "values": [
          0.8489687292082502,
          0.8922155688622755,
          0.8915502328675982,
          0.8862275449101796,
          0.8975382568196939
        ]
      },
      "macro_f1": {
        "mean": 0.8391690552845088,
        "std": 0.03030010634886802,
        "n": 5,
        "values": [
          0.7854718853298198,
          0.8557111148645593,
          0.8499906183419734,
          0.84726010739052,
          0.8574115504956712
        ]
      },
      "auc_macro": {
        "mean": 0.9655179411722227,
        "std": 0.00764858547182968,
        "n": 5,
        "values": [
          0.9599770587420294,
          0.9548462223320887,
          0.9699361746608243,
          0.9710015220370236,
          0.9718287280891476
        ]
      },
      "weighted_f1": {
        "mean": 0.883113881804448,
        "std": 0.01977878128982314,
        "n": 5,
        "values": [
          0.8484946287618175,
          0.8917500478966924,
          0.8903351408444513,
          0.8868567537303588,
          0.8981328377889203
        ]
      },
      "cohen_kappa": {
        "mean": 0.7771707376152587,
        "std": 0.03558608627666848,
        "n": 5,
        "values": [
          0.7149558750180669,
          0.7916515494828211,
          0.7900361239785227,
          0.7843175758857428,
          0.8048925637111396
        ]
      },
      "mcc": {
        "mean": 0.7775735833390586,
        "std": 0.035406756316038616,
        "n": 5,
        "values": [
          0.7156741343459505,
          0.7921580939428714,
          0.7903406395198992,
          0.7845876991518667,
          0.8051073497347049
        ]
      }
    }
  },
  "ensemble": {
    "accuracy": {
      "mean": 0.899268130405855,
      "std": 0.006596563969631651,
      "n": 5,
      "values": [
        0.8888888888888888,
        0.8982035928143712,
        0.9068529607451763,
        0.9008649367930806,
        0.9015302727877578
      ]
    },
    "macro_f1": {
      "mean": 0.8517053422518112,
      "std": 0.010361132715264945,
      "n": 5,
      "values": [
        0.8340673027006567,
        0.8531914648639063,
        0.8605137318532989,
        0.8529737893895677,
        0.857780422451626
      ]
    },
    "auc_macro": {
      "mean": 0.9822521185667056,
      "std": 0.0012982609429502672,
      "n": 5,